{
  "manifest.json": 1727773516969,
  "controller/View1.controller.js": 1727157197467,
  "model/models.js": 1727157197463,
  "controller/App.controller.js": 1727157197467,
  "i18n/i18n.properties": 1727157197463,
  "Component.js": 1727157197459,
  "model/models-dbg.js": 1727157197463,
  "model/models.js.map": 1727773517129,
  "controller/View1-dbg.controller.js": 1727157197467,
  "controller/View1.controller.js.map": 1727773517128,
  "controller/App-dbg.controller.js": 1727157197467,
  "controller/App.controller.js.map": 1727773517128,
  "Component-dbg.js": 1727157197459,
  "Component.js.map": 1727773517130,
  "Component-preload.js": 1727773517304,
  "Component-preload.js.map": 1727773517304,
  "view/View1.view.xml": 1727157860993,
  "view/App.view.xml": 1727157197467,
  "css/style.css": 1727157197467,
  "index.html": 1727157197459
}