{
  "view/App.view.xml": 1727157197467,
  "model/models.js": 1727157197463,
  "controller/View1.controller.js": 1727157197467,
  "controller/App.controller.js": 1727157197467,
  "manifest.json": 1727680160749,
  "Component.js": 1727157197459,
  "Component-dbg.js": 1727157197459,
  "Component.js.map": 1727680160899,
  "controller/View1-dbg.controller.js": 1727157197467,
  "controller/View1.controller.js.map": 1727680160898,
  "controller/App-dbg.controller.js": 1727157197467,
  "controller/App.controller.js.map": 1727680160898,
  "model/models-dbg.js": 1727157197463,
  "model/models.js.map": 1727680160898,
  "Component-preload.js": 1727680161075,
  "Component-preload.js.map": 1727680161075,
  "view/View1.view.xml": 1727157860993,
  "i18n/i18n.properties": 1727157197463,
  "css/style.css": 1727157197467,
  "index.html": 1727157197459
}